year,location,actual,predicted,error,abs_error,lat,long,period,bloom_category
1900,kyoto,102,101.73539944754903,-0.2646005524509718,0.2646005524509718,35.0119831,135.6761135,,Late (>100)
1900,liestal,114,96.18490753069807,-17.81509246930193,17.81509246930193,47.4814,7.730519,,Late (>100)
1901,kyoto,102,102.87444795720225,0.8744479572022499,0.8744479572022499,35.0119831,135.6761135,1900-1950,Late (>100)
1901,liestal,113,109.75296069156687,-3.2470393084331306,3.2470393084331306,47.4814,7.730519,1900-1950,Late (>100)
1902,kyoto,98,102.74094646089927,4.740946460899266,4.740946460899266,35.0119831,135.6761135,1900-1950,Normal (90-100)
1902,liestal,102,109.16831632488066,7.168316324880664,7.168316324880664,47.4814,7.730519,1900-1950,Late (>100)
1903,kyoto,99,100.7260493584634,1.7260493584633991,1.7260493584633991,35.0119831,135.6761135,1900-1950,Normal (90-100)
1903,liestal,86,101.56971434345546,15.569714343455459,15.569714343455459,47.4814,7.730519,1900-1950,Early (80-90)
1904,kyoto,108,100.45433500876187,-7.545664991238127,7.545664991238127,35.0119831,135.6761135,1900-1950,Late (>100)
1904,liestal,104,90.2889937311511,-13.711006268848905,13.711006268848905,47.4814,7.730519,1900-1950,Late (>100)
1905,kyoto,105,104.8835088024457,-0.11649119755429638,0.11649119755429638,35.0119831,135.6761135,1900-1950,Late (>100)
1905,liestal,102,104.55394557300126,2.5539455730012577,2.5539455730012577,47.4814,7.730519,1900-1950,Late (>100)
1906,kyoto,105,104.76704281307819,-0.23295718692180856,0.23295718692180856,35.0119831,135.6761135,1900-1950,Late (>100)
1906,liestal,103,102.49315786261677,-0.5068421373832308,0.5068421373832308,47.4814,7.730519,1900-1950,Late (>100)
1907,kyoto,103,104.5121617450987,1.5121617450986946,1.5121617450986946,35.0119831,135.6761135,1900-1950,Late (>100)
1907,liestal,105,103.14417214505278,-1.855827854947222,1.855827854947222,47.4814,7.730519,1900-1950,Late (>100)
1908,kyoto,102,103.96049311543482,1.960493115434815,1.960493115434815,35.0119831,135.6761135,1900-1950,Late (>100)
1908,liestal,119,104.49682964245082,-14.50317035754918,14.50317035754918,47.4814,7.730519,1900-1950,Late (>100)
1909,kyoto,108,103.57969021730055,-4.420309782699448,4.420309782699448,35.0119831,135.6761135,1900-1950,Late (>100)
1909,liestal,109,113.00447873366302,4.004478733663021,4.004478733663021,47.4814,7.730519,1900-1950,Late (>100)
1910,kyoto,104,105.18977130152767,1.1897713015276707,1.1897713015276707,35.0119831,135.6761135,1900-1950,Late (>100)
1910,liestal,105,108.1048253240147,3.1048253240146977,3.1048253240146977,47.4814,7.730519,1900-1950,Late (>100)
1911,kyoto,98,104.4216003921532,6.421600392153195,6.421600392153195,35.0119831,135.6761135,1900-1950,Normal (90-100)
1911,liestal,107,105.10654040921179,-1.8934595907882112,1.8934595907882112,47.4814,7.730519,1900-1950,Late (>100)
1912,kyoto,105,100.99738282724893,-4.002617172751073,4.002617172751073,35.0119831,135.6761135,1900-1950,Late (>100)
1912,liestal,86,104.96841318113529,18.96841318113529,18.96841318113529,47.4814,7.730519,1900-1950,Early (80-90)
1913,kyoto,103,101.82098420804078,-1.1790157919592161,1.1790157919592161,35.0119831,135.6761135,1900-1950,Late (>100)
1913,liestal,90,91.31196583591655,1.3119658359165527,1.3119658359165527,47.4814,7.730519,1900-1950,Early (80-90)
1914,kyoto,102,102.95352439421355,0.9535243942135452,0.9535243942135452,35.0119831,135.6761135,1900-1950,Late (>100)
1914,liestal,99,94.15725375879774,-4.8427462412022635,4.8427462412022635,47.4814,7.730519,1900-1950,Normal (90-100)
1915,kyoto,102,103.13532708817733,1.135327088177334,1.135327088177334,35.0119831,135.6761135,1900-1950,Late (>100)
1915,liestal,117,100.16352682980013,-16.836473170199866,16.836473170199866,47.4814,7.730519,1900-1950,Late (>100)
1916,kyoto,112,103.16657607238012,-8.833423927619876,8.833423927619876,35.0119831,135.6761135,1900-1950,Late (>100)
1916,liestal,97,112.35795274882523,15.357952748825227,15.357952748825227,47.4814,7.730519,1900-1950,Normal (90-100)
1917,kyoto,103,108.73592227389656,5.735922273896563,5.735922273896563,35.0119831,135.6761135,1900-1950,Late (>100)
1917,liestal,124,101.29754908715381,-22.70245091284619,22.70245091284619,47.4814,7.730519,1900-1950,Late (>100)
1918,kyoto,104,106.47592120894511,2.4759212089451097,2.4759212089451097,35.0119831,135.6761135,1900-1950,Late (>100)
1918,liestal,103,118.3897077503751,15.389707750375095,15.389707750375095,47.4814,7.730519,1900-1950,Late (>100)
1919,liestal,112,103.40713097716664,-8.592869022833355,8.592869022833355,47.4814,7.730519,1900-1950,Late (>100)
1920,kyoto,104,105.0538971359999,1.0538971359999039,1.0538971359999039,35.0119831,135.6761135,1900-1950,Late (>100)
1920,liestal,90,108.78625159456213,18.78625159456213,18.78625159456213,47.4814,7.730519,1900-1950,Early (80-90)
1921,liestal,92,94.95305684960928,2.9530568496092826,2.9530568496092826,47.4814,7.730519,1900-1950,Normal (90-100)
1921,washingtondc,79,102.15194674025636,23.151946740256363,23.151946740256363,38.8853496,-77.0386278,1900-1950,Very Early (<80)
1922,kyoto,101,103.14578270112548,2.1457827011254835,2.1457827011254835,35.0119831,135.6761135,1900-1950,Late (>100)
1922,liestal,111,92.88713685012279,-18.112863149877214,18.112863149877214,47.4814,7.730519,1900-1950,Late (>100)
1922,washingtondc,97,84.93307146161446,-12.06692853838554,12.06692853838554,38.8853496,-77.0386278,1900-1950,Normal (90-100)
1923,kyoto,97,103.34786887090775,6.347868870907746,6.347868870907746,35.0119831,135.6761135,1900-1950,Normal (90-100)
1923,liestal,98,107.62256135262064,9.622561352620636,9.622561352620636,47.4814,7.730519,1900-1950,Normal (90-100)
1923,washingtondc,99,99.09421817291542,0.09421817291541856,0.09421817291541856,38.8853496,-77.0386278,1900-1950,Normal (90-100)
1924,kyoto,111,100.32978950868043,-10.670210491319565,10.670210491319565,35.0119831,135.6761135,1900-1950,Late (>100)
1924,liestal,115,99.55167086393291,-15.448329136067088,15.448329136067088,47.4814,7.730519,1900-1950,Late (>100)
1924,washingtondc,104,99.59693811269915,-4.403061887300851,4.403061887300851,38.8853496,-77.0386278,1900-1950,Late (>100)
1925,kyoto,108,107.67492376809155,-0.32507623190845436,0.32507623190845436,35.0119831,135.6761135,1900-1950,Late (>100)
1925,liestal,104,111.0642806534586,7.064280653458596,7.064280653458596,47.4814,7.730519,1900-1950,Late (>100)
1925,washingtondc,86,105.9848975839047,19.984897583904697,19.984897583904697,38.8853496,-77.0386278,1900-1950,Early (80-90)
1926,kyoto,108,106.22117706175273,-1.7788229382472736,1.7788229382472736,35.0119831,135.6761135,1900-1950,Late (>100)
1926,liestal,99,105.3198795092208,6.319879509220797,6.319879509220797,47.4814,7.730519,1900-1950,Normal (90-100)
1926,washingtondc,101,93.11945242214028,-7.880547577859716,7.880547577859716,38.8853496,-77.0386278,1900-1950,Late (>100)
1927,kyoto,107,106.75240342308552,-0.247596576914475,0.247596576914475,35.0119831,135.6761135,1900-1950,Late (>100)
1927,liestal,108,102.13784562100359,-5.862154378996408,5.862154378996408,47.4814,7.730519,1900-1950,Late (>100)
1927,washingtondc,79,101.73589128883249,22.73589128883249,22.73589128883249,38.8853496,-77.0386278,1900-1950,Very Early (<80)
1928,kyoto,107,106.58001049561283,-0.41998950438717486,0.41998950438717486,35.0119831,135.6761135,1900-1950,Late (>100)
1928,liestal,105,105.00697005059217,0.006970050592173038,0.006970050592173038,47.4814,7.730519,1900-1950,Late (>100)
1928,washingtondc,99,84.11058611238288,-14.889413887617124,14.889413887617124,38.8853496,-77.0386278,1900-1950,Normal (90-100)
1929,kyoto,103,106.65741149523893,3.6574114952389323,3.6574114952389323,35.0119831,135.6761135,1900-1950,Late (>100)
1929,liestal,122,106.53915012584653,-15.460849874153467,15.460849874153467,47.4814,7.730519,1900-1950,Late (>100)
1929,washingtondc,90,99.65127937046584,9.651279370465843,9.651279370465843,38.8853496,-77.0386278,1900-1950,Early (80-90)
1930,kyoto,95,105.42117349067992,10.42117349067992,10.42117349067992,35.0119831,135.6761135,1900-1950,Normal (90-100)
1930,liestal,109,113.2754220169924,4.275422016992394,4.275422016992394,47.4814,7.730519,1900-1950,Late (>100)
1930,washingtondc,91,95.68380317787596,4.683803177875959,4.683803177875959,38.8853496,-77.0386278,1900-1950,Normal (90-100)
1931,kyoto,105,98.44047646421436,-6.559523535785644,6.559523535785644,35.0119831,135.6761135,1900-1950,Late (>100)
1931,liestal,116,107.79002509810482,-8.20997490189518,8.20997490189518,47.4814,7.730519,1900-1950,Late (>100)
1931,washingtondc,101,93.42789264849682,-7.572107351503178,7.572107351503178,38.8853496,-77.0386278,1900-1950,Late (>100)
1932,kyoto,105,101.35867962467954,-3.6413203753204613,3.6413203753204613,35.0119831,135.6761135,1900-1950,Late (>100)
1932,liestal,120,110.48318808344477,-9.516811916555227,9.516811916555227,47.4814,7.730519,1900-1950,Late (>100)
1932,washingtondc,106,101.5976875194881,-4.402312480511895,4.402312480511895,38.8853496,-77.0386278,1900-1950,Late (>100)
1933,kyoto,106,102.94995557693906,-3.050044423060939,3.050044423060939,35.0119831,135.6761135,1900-1950,Late (>100)
1933,liestal,112,113.40643583569873,1.4064358356987299,1.4064358356987299,47.4814,7.730519,1900-1950,Late (>100)
1933,washingtondc,99,105.08581044937725,6.085810449377249,6.085810449377249,38.8853496,-77.0386278,1900-1950,Normal (90-100)
1934,kyoto,104,104.66903335078575,0.6690333507857531,0.6690333507857531,35.0119831,135.6761135,1900-1950,Late (>100)
1934,liestal,106,109.89983451752254,3.8998345175225353,3.8998345175225353,47.4814,7.730519,1900-1950,Late (>100)
1934,washingtondc,105,101.12038871728663,-3.8796112827133697,3.8796112827133697,38.8853496,-77.0386278,1900-1950,Late (>100)
1935,kyoto,102,104.50452840379681,2.5045284037968116,2.5045284037968116,35.0119831,135.6761135,1900-1950,Late (>100)
1935,liestal,106,106.36888751660564,0.3688875166056391,0.3688875166056391,47.4814,7.730519,1900-1950,Late (>100)
1935,washingtondc,91,104.37931172472749,13.379311724727486,13.379311724727486,38.8853496,-77.0386278,1900-1950,Normal (90-100)
1936,kyoto,111,103.70917959587759,-7.290820404122414,7.290820404122414,35.0119831,135.6761135,1900-1950,Late (>100)
1936,liestal,100,105.23361009716457,5.233610097164572,5.233610097164572,47.4814,7.730519,1900-1950,Normal (90-100)
1936,washingtondc,98,95.73979083643734,-2.2602091635626635,2.2602091635626635,38.8853496,-77.0386278,1900-1950,Normal (90-100)
1937,kyoto,100,106.9682001751755,6.968200175175497,6.968200175175497,35.0119831,135.6761135,1900-1950,Normal (90-100)
1937,liestal,101,103.4637226858798,2.4637226858798016,2.4637226858798016,47.4814,7.730519,1900-1950,Late (>100)
1937,washingtondc,104,100.00946918831283,-3.990530811687165,3.990530811687165,38.8853496,-77.0386278,1900-1950,Late (>100)
1938,kyoto,98,104.08654321820488,6.086543218204881,6.086543218204881,35.0119831,135.6761135,1900-1950,Normal (90-100)
1938,liestal,91,102.48313284922664,11.483132849226635,11.483132849226635,47.4814,7.730519,1900-1950,Normal (90-100)
1938,washingtondc,84,103.3405534838509,19.340553483850897,19.340553483850897,38.8853496,-77.0386278,1900-1950,Early (80-90)
1939,kyoto,104,99.59540737518047,-4.404592624819529,4.404592624819529,35.0119831,135.6761135,1900-1950,Late (>100)
1939,liestal,105,93.56990819224414,-11.430091807755858,11.430091807755858,47.4814,7.730519,1900-1950,Late (>100)
1939,washingtondc,89,88.16965748785343,-0.8303425121465722,0.8303425121465722,38.8853496,-77.0386278,1900-1950,Early (80-90)
1940,kyoto,110,102.29760191529166,-7.702398084708335,7.702398084708335,35.0119831,135.6761135,1900-1950,Late (>100)
1940,liestal,112,101.09094379718283,-10.909056202817169,10.909056202817169,47.4814,7.730519,1900-1950,Late (>100)
1940,washingtondc,104,92.11866036567983,-11.88133963432017,11.88133963432017,38.8853496,-77.0386278,1900-1950,Late (>100)
1941,kyoto,100,105.96853607086624,5.968536070866236,5.968536070866236,35.0119831,135.6761135,1900-1950,Normal (90-100)
1941,liestal,116,108.41279678181951,-7.587203218180491,7.587203218180491,47.4814,7.730519,1900-1950,Late (>100)
1941,washingtondc,102,105.20414443375485,3.2041444337548484,3.2041444337548484,38.8853496,-77.0386278,1900-1950,Late (>100)
1942,kyoto,96,100.19720059957541,4.19720059957541,4.19720059957541,35.0119831,135.6761135,1900-1950,Normal (90-100)
1942,liestal,114,109.10806981541471,-4.891930184585291,4.891930184585291,47.4814,7.730519,1900-1950,Late (>100)
1942,washingtondc,95,102.32936463428616,7.329364634286165,7.329364634286165,38.8853496,-77.0386278,1900-1950,Normal (90-100)
1943,kyoto,101,103.22905364826029,2.2290536482602903,2.2290536482602903,35.0119831,135.6761135,1900-1950,Late (>100)
1943,liestal,102,108.78052298623149,6.780522986231489,6.780522986231489,47.4814,7.730519,1900-1950,Late (>100)
1943,washingtondc,94,101.23776843649442,7.23776843649442,7.23776843649442,38.8853496,-77.0386278,1900-1950,Normal (90-100)
1944,kyoto,100,101.19034695883583,1.190346958835832,1.190346958835832,35.0119831,135.6761135,1900-1950,Normal (90-100)
1944,liestal,109,103.4069530300599,-5.593046969940104,5.593046969940104,47.4814,7.730519,1900-1950,Late (>100)
1944,washingtondc,100,99.56511116864304,-0.43488883135695744,0.43488883135695744,38.8853496,-77.0386278,1900-1950,Normal (90-100)
1945,liestal,92,111.7216670611265,19.721667061126496,19.721667061126496,47.4814,7.730519,1900-1950,Normal (90-100)
1945,washingtondc,79,98.54026833245693,19.540268332456932,19.540268332456932,38.8853496,-77.0386278,1900-1950,Very Early (<80)
1946,kyoto,97,98.65598852729966,1.6559885272996553,1.6559885272996553,35.0119831,135.6761135,1900-1950,Normal (90-100)
1946,liestal,96,98.61514030513848,2.615140305138482,2.615140305138482,47.4814,7.730519,1900-1950,Normal (90-100)
1946,washingtondc,82,89.35633060805989,7.356330608059892,7.356330608059892,38.8853496,-77.0386278,1900-1950,Early (80-90)
1947,kyoto,107,97.04373950213913,-9.956260497860868,9.956260497860868,35.0119831,135.6761135,1900-1950,Late (>100)
1947,liestal,107,97.13420491730581,-9.865795082694191,9.865795082694191,47.4814,7.730519,1900-1950,Late (>100)
1947,washingtondc,102,86.45816542104548,-15.541834578954521,15.541834578954521,38.8853496,-77.0386278,1900-1950,Late (>100)
1948,kyoto,102,102.15414379694298,0.1541437969429751,0.1541437969429751,35.0119831,135.6761135,1900-1950,Late (>100)
1948,liestal,88,105.1240581610143,17.124058161014304,17.124058161014304,47.4814,7.730519,1900-1950,Early (80-90)
1948,washingtondc,88,92.2996753473963,4.2996753473963025,4.2996753473963025,38.8853496,-77.0386278,1900-1950,Early (80-90)
1949,kyoto,107,100.66605250591881,-6.333947494081187,6.333947494081187,35.0119831,135.6761135,1900-1950,Late (>100)
1949,liestal,107,101.52741750371649,-5.472582496283508,5.472582496283508,47.4814,7.730519,1900-1950,Late (>100)
1949,washingtondc,88,95.20138493863912,7.201384938639123,7.201384938639123,38.8853496,-77.0386278,1900-1950,Early (80-90)
1950,kyoto,99,101.08665812913277,2.086658129132772,2.086658129132772,35.0119831,135.6761135,1900-1950,Normal (90-100)
1950,liestal,100,105.71513686335945,5.715136863359447,5.715136863359447,47.4814,7.730519,1900-1950,Normal (90-100)
1950,washingtondc,99,90.28610457666588,-8.713895423334122,8.713895423334122,38.8853496,-77.0386278,1900-1950,Normal (90-100)
1951,kyoto,98,101.6869888164201,3.6869888164200972,3.6869888164200972,35.0119831,135.6761135,1950-1980,Normal (90-100)
1951,liestal,108,96.34042854160198,-11.65957145839802,11.65957145839802,47.4814,7.730519,1950-1980,Late (>100)
1951,washingtondc,96,92.36839300074668,-3.6316069992533215,3.6316069992533215,38.8853496,-77.0386278,1950-1980,Normal (90-100)
1952,kyoto,105,100.28791301629218,-4.71208698370782,4.71208698370782,35.0119831,135.6761135,1950-1980,Late (>100)
1952,liestal,102,103.63710060217848,1.637100602178478,1.637100602178478,47.4814,7.730519,1950-1980,Late (>100)
1952,washingtondc,100,97.80832452924123,-2.191675470758767,2.191675470758767,38.8853496,-77.0386278,1950-1980,Normal (90-100)
1953,kyoto,101,101.29957400284918,0.2995740028491838,0.2995740028491838,35.0119831,135.6761135,1950-1980,Late (>100)
1953,liestal,96,96.38048394329871,0.3804839432987137,0.3804839432987137,47.4814,7.730519,1950-1980,Normal (90-100)
1953,washingtondc,86,96.26409833375504,10.264098333755044,10.264098333755044,38.8853496,-77.0386278,1950-1980,Early (80-90)
1954,kyoto,98,103.20925779176477,5.20925779176477,5.20925779176477,35.0119831,135.6761135,1950-1980,Normal (90-100)
1954,liestal,116,104.82491616105999,-11.175083838940012,11.175083838940012,47.4814,7.730519,1950-1980,Late (>100)
1954,washingtondc,96,92.76363398444025,-3.236366015559753,3.236366015559753,38.8853496,-77.0386278,1950-1980,Normal (90-100)
1955,kyoto,97,100.84792291451754,3.8479229145175395,3.8479229145175395,35.0119831,135.6761135,1950-1980,Normal (90-100)
1955,liestal,116,110.65335800417505,-5.346641995824953,5.346641995824953,47.4814,7.730519,1950-1980,Late (>100)
1955,washingtondc,92,91.09403691224716,-0.9059630877528377,0.9059630877528377,38.8853496,-77.0386278,1950-1980,Normal (90-100)
1956,kyoto,99,101.01835010814024,2.0183501081402397,2.0183501081402397,35.0119831,135.6761135,1950-1980,Normal (90-100)
1956,liestal,118,110.49037542007207,-7.50962457992793,7.50962457992793,47.4814,7.730519,1950-1980,Late (>100)
1956,washingtondc,97,91.58878992668262,-5.411210073317378,5.411210073317378,38.8853496,-77.0386278,1950-1980,Normal (90-100)
1957,kyoto,103,100.23097137880735,-2.7690286211926463,2.7690286211926463,35.0119831,135.6761135,1950-1980,Late (>100)
1957,liestal,84,109.31437875061347,25.31437875061347,25.31437875061347,47.4814,7.730519,1950-1980,Early (80-90)
1957,washingtondc,98,94.41561332732273,-3.584386672677269,3.584386672677269,38.8853496,-77.0386278,1950-1980,Normal (90-100)
1958,kyoto,99,103.44884987706588,4.448849877065882,4.448849877065882,35.0119831,135.6761135,1950-1980,Normal (90-100)
1958,liestal,115,109.34633089451204,-5.653669105487964,5.653669105487964,47.4814,7.730519,1950-1980,Late (>100)
1958,washingtondc,108,96.28747487608555,-11.712525123914446,11.712525123914446,38.8853496,-77.0386278,1950-1980,Late (>100)
1959,kyoto,92,104.10658894539375,12.106588945393753,12.106588945393753,35.0119831,135.6761135,1950-1980,Normal (90-100)
1959,liestal,92,113.0448711950821,21.044871195082095,21.044871195082095,47.4814,7.730519,1950-1980,Normal (90-100)
1959,washingtondc,96,92.44835359499456,-3.5516464050054424,3.5516464050054424,38.8853496,-77.0386278,1950-1980,Normal (90-100)
1960,kyoto,95,100.4351989142842,5.4351989142842,5.4351989142842,35.0119831,135.6761135,1950-1980,Normal (90-100)
1960,liestal,94,106.06675635189063,12.066756351890632,12.066756351890632,47.4814,7.730519,1950-1980,Normal (90-100)
1960,washingtondc,105,91.79256825256986,-13.207431747430135,13.207431747430135,38.8853496,-77.0386278,1950-1980,Late (>100)
1961,kyoto,99,100.41176004918117,1.4117600491811686,1.4117600491811686,35.0119831,135.6761135,1950-1980,Normal (90-100)
1961,liestal,79,100.12333004995712,21.12333004995712,21.12333004995712,47.4814,7.730519,1950-1980,Very Early (<80)
1961,washingtondc,92,92.8333252671359,0.8333252671359048,0.8333252671359048,38.8853496,-77.0386278,1950-1980,Normal (90-100)
1962,kyoto,102,101.2679061905133,-0.7320938094866989,0.7320938094866989,35.0119831,135.6761135,1950-1980,Late (>100)
1962,liestal,115,95.45939741132436,-19.54060258867564,19.54060258867564,47.4814,7.730519,1950-1980,Late (>100)
1962,washingtondc,97,92.87268125790254,-4.127318742097458,4.127318742097458,38.8853496,-77.0386278,1950-1980,Normal (90-100)
1963,kyoto,101,101.94384150779355,0.9438415077935502,0.9438415077935502,35.0119831,135.6761135,1950-1980,Late (>100)
1963,liestal,114,115.42710821152977,1.4271082115297702,1.4271082115297702,47.4814,7.730519,1950-1980,Late (>100)
1963,washingtondc,93,98.20071624952665,5.20071624952665,5.20071624952665,38.8853496,-77.0386278,1950-1980,Normal (90-100)
1964,kyoto,99,99.4940863578976,0.4940863578976007,0.4940863578976007,35.0119831,135.6761135,1950-1980,Normal (90-100)
1964,liestal,107,111.81398456467296,4.813984564672964,4.813984564672964,47.4814,7.730519,1950-1980,Late (>100)
1964,washingtondc,102,95.05442614191924,-6.945573858080763,6.945573858080763,38.8853496,-77.0386278,1950-1980,Late (>100)
1965,kyoto,110,101.06671897146798,-8.933281028532022,8.933281028532022,35.0119831,135.6761135,1950-1980,Late (>100)
1965,liestal,102,112.06673423518619,10.066734235186189,10.066734235186189,47.4814,7.730519,1950-1980,Late (>100)
1965,washingtondc,105,98.83781563531643,-6.162184364683569,6.162184364683569,38.8853496,-77.0386278,1950-1980,Late (>100)
1966,kyoto,97,107.78863950592789,10.78863950592789,10.78863950592789,35.0119831,135.6761135,1950-1980,Normal (90-100)
1966,liestal,98,104.63923626150509,6.63923626150509,6.63923626150509,47.4814,7.730519,1950-1980,Normal (90-100)
1966,washingtondc,95,101.492492767522,6.492492767521995,6.492492767521995,38.8853496,-77.0386278,1950-1980,Normal (90-100)
1967,kyoto,97,103.07015656873918,6.070156568739179,6.070156568739179,35.0119831,135.6761135,1950-1980,Normal (90-100)
1967,liestal,94,107.69397868909694,13.693978689096937,13.693978689096937,47.4814,7.730519,1950-1980,Normal (90-100)
1967,washingtondc,96,99.09352621264493,3.0935262126449317,3.0935262126449317,38.8853496,-77.0386278,1950-1980,Normal (90-100)
1968,kyoto,99,105.72394537362756,6.723945373627558,6.723945373627558,35.0119831,135.6761135,1950-1980,Normal (90-100)
1968,liestal,103,108.2561474586127,5.256147458612702,5.256147458612702,47.4814,7.730519,1950-1980,Late (>100)
1968,washingtondc,90,98.00010321076482,8.00010321076482,8.00010321076482,38.8853496,-77.0386278,1950-1980,Early (80-90)
1969,kyoto,101,102.37949431580677,1.3794943158067667,1.3794943158067667,35.0119831,135.6761135,1950-1980,Late (>100)
1969,liestal,113,106.86161696931258,-6.138383030687422,6.138383030687422,47.4814,7.730519,1950-1980,Late (>100)
1969,washingtondc,99,97.20106983112346,-1.798930168876538,1.798930168876538,38.8853496,-77.0386278,1950-1980,Normal (90-100)
1970,kyoto,107,103.54715010939785,-3.4528498906021525,3.4528498906021525,35.0119831,135.6761135,1950-1980,Late (>100)
1970,liestal,114,109.68260814459101,-4.317391855408985,4.317391855408985,47.4814,7.730519,1950-1980,Late (>100)
1970,washingtondc,106,96.36023152470109,-9.639768475298908,9.639768475298908,38.8853496,-77.0386278,1950-1980,Late (>100)
1971,kyoto,98,103.29964248414541,5.299642484145409,5.299642484145409,35.0119831,135.6761135,1950-1980,Normal (90-100)
1971,liestal,107,112.83594407925719,5.835944079257189,5.835944079257189,47.4814,7.730519,1950-1980,Late (>100)
1971,washingtondc,98,101.12881737120902,3.128817371209024,3.128817371209024,38.8853496,-77.0386278,1950-1980,Normal (90-100)
1972,kyoto,99,102.6164155389948,3.6164155389948007,3.6164155389948007,35.0119831,135.6761135,1950-1980,Normal (90-100)
1972,liestal,97,104.30341443868559,7.303414438685593,7.303414438685593,47.4814,7.730519,1950-1980,Normal (90-100)
1972,washingtondc,102,100.52576556715903,-1.4742344328409729,1.4742344328409729,38.8853496,-77.0386278,1950-1980,Late (>100)
1973,kyoto,97,99.20330440145369,2.2033044014536927,2.2033044014536927,35.0119831,135.6761135,1950-1980,Normal (90-100)
1973,liestal,119,103.05770603133045,-15.942293968669546,15.942293968669546,47.4814,7.730519,1950-1980,Late (>100)
1973,washingtondc,101,98.38254054945989,-2.6174594505401103,2.6174594505401103,38.8853496,-77.0386278,1950-1980,Late (>100)
1974,kyoto,99,102.30417940340539,3.304179403405385,3.304179403405385,35.0119831,135.6761135,1950-1980,Normal (90-100)
1974,liestal,92,105.10245367421875,13.10245367421875,13.10245367421875,47.4814,7.730519,1950-1980,Normal (90-100)
1974,washingtondc,93,99.90772088680222,6.907720886802224,6.907720886802224,38.8853496,-77.0386278,1950-1980,Normal (90-100)
1975,kyoto,100,102.82779747621632,2.8277974762163183,2.8277974762163183,35.0119831,135.6761135,1950-1980,Normal (90-100)
1975,liestal,108,102.68409669062221,-5.315903309377788,5.315903309377788,47.4814,7.730519,1950-1980,Late (>100)
1975,washingtondc,93,98.44118015015263,5.441180150152633,5.441180150152633,38.8853496,-77.0386278,1950-1980,Normal (90-100)
1976,kyoto,99,101.75083783135534,2.7508378313553408,2.7508378313553408,35.0119831,135.6761135,1950-1980,Normal (90-100)
1976,liestal,102,104.86714698663727,2.867146986637266,2.867146986637266,47.4814,7.730519,1950-1980,Late (>100)
1976,washingtondc,83,99.69508171526408,16.69508171526408,16.69508171526408,38.8853496,-77.0386278,1950-1980,Early (80-90)
1977,kyoto,93,105.73218512725579,12.73218512725579,12.73218512725579,35.0119831,135.6761135,1950-1980,Normal (90-100)
1977,liestal,80,111.42182846238556,31.421828462385562,31.421828462385562,47.4814,7.730519,1950-1980,Very Early (<80)
1977,washingtondc,85,101.3753424864131,16.375342486413103,16.375342486413103,38.8853496,-77.0386278,1950-1980,Early (80-90)
1978,kyoto,104,98.74266613890552,-5.25733386109448,5.25733386109448,35.0119831,135.6761135,1950-1980,Late (>100)
1978,liestal,108,94.06685292298175,-13.933147077018248,13.933147077018248,47.4814,7.730519,1950-1980,Late (>100)
1978,washingtondc,102,94.41080731631111,-7.589192683688893,7.589192683688893,38.8853496,-77.0386278,1950-1980,Late (>100)
1979,kyoto,97,104.68146528678567,7.6814652867856665,7.6814652867856665,35.0119831,135.6761135,1950-1980,Normal (90-100)
1979,liestal,105,108.26544748898154,3.265447488981536,3.265447488981536,47.4814,7.730519,1950-1980,Late (>100)
1979,washingtondc,92,99.40099265543996,7.400992655439964,7.400992655439964,38.8853496,-77.0386278,1950-1980,Normal (90-100)
1980,kyoto,102,103.36931279169278,1.3693127916927779,1.3693127916927779,35.0119831,135.6761135,1950-1980,Late (>100)
1980,liestal,104,103.73543916113407,-0.2645608388659326,0.2645608388659326,47.4814,7.730519,1950-1980,Late (>100)
1980,washingtondc,97,97.3814491110764,0.38144911107640667,0.38144911107640667,38.8853496,-77.0386278,1950-1980,Normal (90-100)
1981,kyoto,99,104.36670388246603,5.366703882466027,5.366703882466027,35.0119831,135.6761135,1980-2000,Normal (90-100)
1981,liestal,92,105.17154144771966,13.171541447719662,13.171541447719662,47.4814,7.730519,1980-2000,Normal (90-100)
1981,washingtondc,93,100.31428615661025,7.314286156610251,7.314286156610251,38.8853496,-77.0386278,1980-2000,Normal (90-100)
1982,kyoto,93,101.58565215936079,8.58565215936079,8.58565215936079,35.0119831,135.6761135,1980-2000,Normal (90-100)
1982,liestal,108,103.10260357612852,-4.897396423871484,4.897396423871484,47.4814,7.730519,1980-2000,Late (>100)
1982,washingtondc,97,96.02372388921125,-0.9762761107887457,0.9762761107887457,38.8853496,-77.0386278,1980-2000,Normal (90-100)
1983,kyoto,99,98.43244562211954,-0.5675543778804553,0.5675543778804553,35.0119831,135.6761135,1980-2000,Normal (90-100)
1983,liestal,101,105.05270117589306,4.052701175893063,4.052701175893063,47.4814,7.730519,1980-2000,Late (>100)
1983,washingtondc,97,97.7419027668666,0.7419027668666018,0.7419027668666018,38.8853496,-77.0386278,1980-2000,Normal (90-100)
1984,kyoto,109,100.40776247150586,-8.592237528494138,8.592237528494138,35.0119831,135.6761135,1980-2000,Late (>100)
1984,liestal,110,102.16510707770794,-7.834892922292056,7.834892922292056,47.4814,7.730519,1980-2000,Late (>100)
1984,washingtondc,94,95.43649890633256,1.4364989063325595,1.4364989063325595,38.8853496,-77.0386278,1980-2000,Normal (90-100)
1985,kyoto,99,109.54173964479794,10.541739644797943,10.541739644797943,35.0119831,135.6761135,1980-2000,Normal (90-100)
1985,liestal,106,113.18788531671188,7.187885316711885,7.187885316711885,47.4814,7.730519,1980-2000,Late (>100)
1985,washingtondc,97,104.00219004633205,7.002190046332046,7.002190046332046,38.8853496,-77.0386278,1980-2000,Normal (90-100)
1986,kyoto,102,107.17763669213373,5.177636692133731,5.177636692133731,35.0119831,135.6761135,1980-2000,Late (>100)
1986,liestal,121,109.73445301992123,-11.265546980078767,11.265546980078767,47.4814,7.730519,1980-2000,Late (>100)
1986,washingtondc,92,104.13263851935261,12.13263851935261,12.13263851935261,38.8853496,-77.0386278,1980-2000,Normal (90-100)
1987,kyoto,95,103.74117376286733,8.741173762867334,8.741173762867334,35.0119831,135.6761135,1980-2000,Normal (90-100)
1987,liestal,112,115.046159493983,3.046159493982998,3.046159493982998,47.4814,7.730519,1980-2000,Late (>100)
1987,washingtondc,87,101.29230553757593,14.292305537575928,14.292305537575928,38.8853496,-77.0386278,1980-2000,Early (80-90)
1988,kyoto,106,100.94427885071883,-5.055721149281169,5.055721149281169,35.0119831,135.6761135,1980-2000,Late (>100)
1988,liestal,108,108.68104248720891,0.6810424872089129,0.6810424872089129,47.4814,7.730519,1980-2000,Late (>100)
1988,washingtondc,91,100.23215587602363,9.232155876023626,9.232155876023626,38.8853496,-77.0386278,1980-2000,Normal (90-100)
1989,kyoto,93,104.73862391572881,11.738623915728809,11.738623915728809,35.0119831,135.6761135,1980-2000,Normal (90-100)
1989,liestal,87,106.5398608137464,19.5398608137464,19.5398608137464,47.4814,7.730519,1980-2000,Early (80-90)
1989,washingtondc,88,102.39297411579693,14.392974115796932,14.392974115796932,38.8853496,-77.0386278,1980-2000,Early (80-90)
1990,kyoto,88,98.83846684746874,10.838466847468737,10.838466847468737,35.0119831,135.6761135,1980-2000,Early (80-90)
1990,liestal,75,97.40812456371913,22.408124563719127,22.408124563719127,47.4814,7.730519,1980-2000,Very Early (<80)
1990,washingtondc,74,94.42447956833044,20.42447956833044,20.42447956833044,38.8853496,-77.0386278,1980-2000,Very Early (<80)
1991,kyoto,97,95.12064206797017,-1.8793579320298335,1.8793579320298335,35.0119831,135.6761135,1980-2000,Normal (90-100)
1991,liestal,94,90.57589024537486,-3.4241097546251353,3.4241097546251353,47.4814,7.730519,1980-2000,Normal (90-100)
1991,washingtondc,88,84.90135883012537,-3.0986411698746252,3.0986411698746252,38.8853496,-77.0386278,1980-2000,Early (80-90)
1992,kyoto,94,98.13893726625055,4.138937266250551,4.138937266250551,35.0119831,135.6761135,1980-2000,Normal (90-100)
1992,liestal,102,95.67232335479973,-6.32767664520027,6.32767664520027,47.4814,7.730519,1980-2000,Late (>100)
1992,washingtondc,98,91.13216315135149,-6.867836848648508,6.867836848648508,38.8853496,-77.0386278,1980-2000,Normal (90-100)
1993,kyoto,97,97.15290330513626,0.15290330513626316,0.15290330513626316,35.0119831,135.6761135,1980-2000,Normal (90-100)
1993,liestal,101,95.56034872623647,-5.4396512737635305,5.4396512737635305,47.4814,7.730519,1980-2000,Late (>100)
1993,washingtondc,101,89.87184047639185,-11.128159523608147,11.128159523608147,38.8853496,-77.0386278,1980-2000,Late (>100)
1994,kyoto,99,100.51916994916975,1.5191699491697506,1.5191699491697506,35.0119831,135.6761135,1980-2000,Normal (90-100)
1994,liestal,82,99.35846337931169,17.358463379311686,17.358463379311686,47.4814,7.730519,1980-2000,Early (80-90)
1994,washingtondc,95,94.41183877732705,-0.5881612226729516,0.5881612226729516,38.8853496,-77.0386278,1980-2000,Normal (90-100)
1995,kyoto,99,102.00342464007856,3.0034246400785634,3.0034246400785634,35.0119831,135.6761135,1980-2000,Normal (90-100)
1995,liestal,93,93.67994253113375,0.6799425311337473,0.6799425311337473,47.4814,7.730519,1980-2000,Normal (90-100)
1995,washingtondc,92,94.58037163267254,2.580371632672538,2.580371632672538,38.8853496,-77.0386278,1980-2000,Normal (90-100)
1996,kyoto,103,101.28906245737501,-1.7109375426249898,1.7109375426249898,35.0119831,135.6761135,1980-2000,Late (>100)
1996,liestal,109,101.10954167720949,-7.890458322790508,7.890458322790508,47.4814,7.730519,1980-2000,Late (>100)
1996,washingtondc,95,94.77193300533128,-0.2280669946687226,0.2280669946687226,38.8853496,-77.0386278,1980-2000,Normal (90-100)
1997,kyoto,97,101.40931586000758,4.409315860007581,4.409315860007581,35.0119831,135.6761135,1980-2000,Normal (90-100)
1997,liestal,81,101.79374237134891,20.793742371348912,20.793742371348912,47.4814,7.730519,1980-2000,Early (80-90)
1997,washingtondc,85,96.48667139708812,11.486671397088116,11.486671397088116,38.8853496,-77.0386278,1980-2000,Early (80-90)
1998,kyoto,91,95.49190537407898,4.491905374078982,4.491905374078982,35.0119831,135.6761135,1980-2000,Normal (90-100)
1998,liestal,90,95.63018863424237,5.630188634242373,5.630188634242373,47.4814,7.730519,1980-2000,Early (80-90)
1998,washingtondc,86,89.38372647553327,3.3837264755332654,3.3837264755332654,38.8853496,-77.0386278,1980-2000,Early (80-90)
1999,kyoto,94,96.21884056231565,2.2188405623156484,2.2188405623156484,35.0119831,135.6761135,1980-2000,Normal (90-100)
1999,liestal,94,92.88224440002321,-1.117755599976789,1.117755599976789,47.4814,7.730519,1980-2000,Normal (90-100)
1999,washingtondc,95,89.32931118334956,-5.67068881665044,5.67068881665044,38.8853496,-77.0386278,1980-2000,Normal (90-100)
2000,kyoto,100,98.57567739300337,-1.4243226069966255,1.4243226069966255,35.0119831,135.6761135,1980-2000,Normal (90-100)
2000,liestal,92,96.16056259988675,4.160562599886745,4.160562599886745,47.4814,7.730519,1980-2000,Normal (90-100)
2000,washingtondc,77,90.7399513865432,13.739951386543197,13.739951386543197,38.8853496,-77.0386278,1980-2000,Very Early (<80)
2001,kyoto,96,99.87808704494422,3.8780870449442233,3.8780870449442233,35.0119831,135.6761135,2000-2025,Normal (90-100)
2001,liestal,89,102.2096037089857,13.209603708985696,13.209603708985696,47.4814,7.730519,2000-2025,Early (80-90)
2001,washingtondc,96,94.42792332236934,-1.5720766776306618,1.5720766776306618,38.8853496,-77.0386278,2000-2025,Normal (90-100)
2002,kyoto,91,97.0669209988285,6.066920998828493,6.066920998828493,35.0119831,135.6761135,2000-2025,Normal (90-100)
2002,liestal,77,88.39655330949084,11.396553309490841,11.396553309490841,47.4814,7.730519,2000-2025,Very Early (<80)
2002,washingtondc,92,88.88766169910014,-3.1123383008998644,3.1123383008998644,38.8853496,-77.0386278,2000-2025,Normal (90-100)
2003,kyoto,98,91.47637783275759,-6.523622167242408,6.523622167242408,35.0119831,135.6761135,2000-2025,Normal (90-100)
2003,liestal,92,93.1798922863042,1.1798922863041952,1.1798922863041952,47.4814,7.730519,2000-2025,Normal (90-100)
2003,washingtondc,92,88.20228904549974,-3.7977109545002605,3.7977109545002605,38.8853496,-77.0386278,2000-2025,Normal (90-100)
2004,kyoto,92,94.94632192859142,2.9463219285914164,2.9463219285914164,35.0119831,135.6761135,2000-2025,Normal (90-100)
2004,liestal,92,94.12306380592281,2.1230638059228113,2.1230638059228113,47.4814,7.730519,2000-2025,Normal (90-100)
2004,washingtondc,91,90.20721488072661,-0.7927851192733897,0.7927851192733897,38.8853496,-77.0386278,2000-2025,Normal (90-100)
2005,kyoto,99,98.3921602325547,-0.6078397674452987,0.6078397674452987,35.0119831,135.6761135,2000-2025,Normal (90-100)
2005,liestal,95,94.2037686004609,-0.7962313995390957,0.7962313995390957,47.4814,7.730519,2000-2025,Normal (90-100)
2005,washingtondc,99,94.66422155383255,-4.335778446167453,4.335778446167453,38.8853496,-77.0386278,2000-2025,Normal (90-100)
2006,kyoto,98,98.52144555941128,0.5214455594112763,0.5214455594112763,35.0119831,135.6761135,2000-2025,Normal (90-100)
2006,liestal,111,96.89137589912824,-14.108624100871765,14.108624100871765,47.4814,7.730519,2000-2025,Late (>100)
2006,washingtondc,89,91.31558718698382,2.3155871869838194,2.3155871869838194,38.8853496,-77.0386278,2000-2025,Early (80-90)
2007,kyoto,97,94.22274580894091,-2.777254191059086,2.777254191059086,35.0119831,135.6761135,2000-2025,Normal (90-100)
2007,liestal,94,95.84843807412368,1.8484380741236777,1.8484380741236777,47.4814,7.730519,2000-2025,Normal (90-100)
2007,washingtondc,91,89.20218552149895,-1.7978144785010528,1.7978144785010528,38.8853496,-77.0386278,2000-2025,Normal (90-100)
2008,kyoto,95,100.03604481092334,5.036044810923343,5.036044810923343,35.0119831,135.6761135,2000-2025,Normal (90-100)
2008,liestal,89,99.39663006487216,10.396630064872156,10.396630064872156,47.4814,7.730519,2000-2025,Early (80-90)
2008,washingtondc,86,93.45913683413283,7.459136834132835,7.459136834132835,38.8853496,-77.0386278,2000-2025,Early (80-90)
2009,kyoto,95,97.3303803991146,2.3303803991146026,2.3303803991146026,35.0119831,135.6761135,2000-2025,Normal (90-100)
2009,liestal,100,98.04940296038166,-1.9505970396183443,1.9505970396183443,47.4814,7.730519,2000-2025,Normal (90-100)
2009,washingtondc,91,92.19404787663255,1.1940478766325526,1.1940478766325526,38.8853496,-77.0386278,2000-2025,Normal (90-100)
2010,kyoto,95,94.04222338293211,-0.9577766170678927,0.9577766170678927,35.0119831,135.6761135,2000-2025,Normal (90-100)
2010,liestal,98,87.88258797991784,-10.117412020082156,10.117412020082156,47.4814,7.730519,2000-2025,Normal (90-100)
2010,washingtondc,90,89.3074818320357,-0.6925181679642947,0.6925181679642947,38.8853496,-77.0386278,2000-2025,Early (80-90)
2011,kyoto,99,98.4741261307945,-0.5258738692054976,0.5258738692054976,35.0119831,135.6761135,2000-2025,Normal (90-100)
2011,liestal,90,102.32763912993238,12.327639129932379,12.327639129932379,47.4814,7.730519,2000-2025,Early (80-90)
2011,washingtondc,88,95.85580313899023,7.855803138990225,7.855803138990225,38.8853496,-77.0386278,2000-2025,Early (80-90)
2012,kyoto,101,103.70297821274534,2.702978212745336,2.702978212745336,35.0119831,135.6761135,2000-2025,Late (>100)
2012,liestal,93,93.21544691075,0.21544691075000344,0.21544691075000344,47.4814,7.730519,2000-2025,Normal (90-100)
2012,washingtondc,80,90.83249534510125,10.83249534510125,10.83249534510125,38.8853496,-77.0386278,2000-2025,Very Early (<80)
2013,kyoto,93,100.52220598980884,7.522205989808839,7.522205989808839,35.0119831,135.6761135,2000-2025,Normal (90-100)
2013,liestal,107,97.1814448998376,-9.8185551001624,9.8185551001624,47.4814,7.730519,2000-2025,Late (>100)
2013,washingtondc,99,91.20334504877309,-7.7966549512269125,7.7966549512269125,38.8853496,-77.0386278,2000-2025,Normal (90-100)
2014,kyoto,94,105.1622750967679,11.1622750967679,11.1622750967679,35.0119831,135.6761135,2000-2025,Normal (90-100)
2014,liestal,84,100.10603913674987,16.10603913674987,16.10603913674987,47.4814,7.730519,2000-2025,Early (80-90)
2014,washingtondc,100,94.60161636271016,-5.3983836372898395,5.3983836372898395,38.8853496,-77.0386278,2000-2025,Normal (90-100)
2015,kyoto,93,98.89911866287598,5.899118662875978,5.899118662875978,35.0119831,135.6761135,2000-2025,Normal (90-100)
2015,liestal,101,92.26620737346012,-8.73379262653988,8.73379262653988,47.4814,7.730519,2000-2025,Late (>100)
2015,washingtondc,100,94.37535411377795,-5.624645886222055,5.624645886222055,38.8853496,-77.0386278,2000-2025,Normal (90-100)
2016,kyoto,95,96.7999841181321,1.7999841181321017,1.7999841181321017,35.0119831,135.6761135,2000-2025,Normal (90-100)
2016,liestal,97,98.2257591093623,1.2257591093623006,1.2257591093623006,47.4814,7.730519,2000-2025,Normal (90-100)
2016,washingtondc,85,93.714814414965,8.714814414965005,8.714814414965005,38.8853496,-77.0386278,2000-2025,Early (80-90)
2017,kyoto,99,96.01863169761013,-2.9813683023898676,2.9813683023898676,35.0119831,135.6761135,2000-2025,Normal (90-100)
2017,liestal,85,94.8278548926634,9.827854892663396,9.827854892663396,47.4814,7.730519,2000-2025,Early (80-90)
2017,washingtondc,84,87.91242300314228,3.9124230031422798,3.9124230031422798,38.8853496,-77.0386278,2000-2025,Early (80-90)
2018,kyoto,89,100.26474538623955,11.264745386239554,11.264745386239554,35.0119831,135.6761135,2000-2025,Early (80-90)
2018,liestal,98,85.75906679884925,-12.240933201150753,12.240933201150753,47.4814,7.730519,2000-2025,Normal (90-100)
2018,washingtondc,95,90.92092228941273,-4.079077710587271,4.079077710587271,38.8853496,-77.0386278,2000-2025,Normal (90-100)
2019,kyoto,95,96.52947955239841,1.5294795523984135,1.5294795523984135,35.0119831,135.6761135,2000-2025,Normal (90-100)
2019,liestal,86,95.34972085683485,9.34972085683485,9.34972085683485,47.4814,7.730519,2000-2025,Early (80-90)
2019,washingtondc,91,93.33659341200453,2.3365934120045324,2.3365934120045324,38.8853496,-77.0386278,2000-2025,Normal (90-100)
2020,kyoto,92,96.94324756307371,4.943247563073712,4.943247563073712,35.0119831,135.6761135,2000-2025,Normal (90-100)
2020,liestal,77,94.4078152362739,17.407815236273905,17.407815236273905,47.4814,7.730519,2000-2025,Very Early (<80)
2020,washingtondc,80,92.86492953429881,12.86492953429881,12.86492953429881,38.8853496,-77.0386278,2000-2025,Very Early (<80)
2021,kyoto,85,95.93092035450434,10.930920354504337,10.930920354504337,35.0119831,135.6761135,2000-2025,Early (80-90)
2021,liestal,87,99.71717902353052,12.71717902353052,12.71717902353052,47.4814,7.730519,2000-2025,Early (80-90)
2021,washingtondc,87,94.04914026598146,7.049140265981464,7.049140265981464,38.8853496,-77.0386278,2000-2025,Early (80-90)
2022,kyoto,91,92.83626984218384,1.8362698421838388,1.8362698421838388,35.0119831,135.6761135,2000-2025,Normal (90-100)
2022,liestal,85,90.70007310877256,5.700073108772557,5.700073108772557,47.4814,7.730519,2000-2025,Early (80-90)
2022,washingtondc,80,88.25961257419684,8.259612574196836,8.259612574196836,38.8853496,-77.0386278,2000-2025,Very Early (<80)
2022,vancouver,86,96.17494022126185,10.17494022126185,10.17494022126185,49.2237,-123.1636,2000-2025,Early (80-90)
2023,kyoto,84,94.48900336682614,10.48900336682614,10.48900336682614,35.0119831,135.6761135,2000-2025,Early (80-90)
2023,liestal,88,94.09507547863393,6.09507547863393,6.09507547863393,47.4814,7.730519,2000-2025,Early (80-90)
2023,washingtondc,82,87.75440448629702,5.75440448629702,5.75440448629702,38.8853496,-77.0386278,2000-2025,Early (80-90)
2023,vancouver,96,88.46530282556355,-7.534697174436445,7.534697174436445,49.2237,-123.1636,2000-2025,Normal (90-100)
2024,kyoto,95,91.2161990909867,-3.7838009090132942,3.7838009090132942,35.0119831,135.6761135,2000-2025,Normal (90-100)
2024,liestal,80,86.4738608330944,6.473860833094406,6.473860833094406,47.4814,7.730519,2000-2025,Very Early (<80)
2024,washingtondc,77,88.72757841477619,11.72757841477619,11.72757841477619,38.8853496,-77.0386278,2000-2025,Very Early (<80)
2024,vancouver,83,89.83315520680266,6.833155206802658,6.833155206802658,49.2237,-123.1636,2000-2025,Early (80-90)
2025,kyoto,94,91.40124561292969,-2.598754387070315,2.598754387070315,35.0119831,135.6761135,2000-2025,Normal (90-100)
2025,liestal,86,88.61942391842138,2.6194239184213757,2.6194239184213757,47.4814,7.730519,2000-2025,Early (80-90)
2025,washingtondc,87,87.47781393730659,0.4778139373065926,0.4778139373065926,38.8853496,-77.0386278,2000-2025,Early (80-90)
2025,vancouver,93,84.13690790463927,-8.863092095360727,8.863092095360727,49.2237,-123.1636,2000-2025,Normal (90-100)
